{
    "markers": [
      {
        "name": "Union",
        "location": [36.068689, -94.175169],
        "order": 0
      },
      {
        "name": "J.B. Hunt",
        "location": [36.06666610956379, -94.17378783417878],
        "order": 1
      },
      {
        "name": "Old Main",
        "location": [36.068691284851326, -94.17145521725391],
        "order": 2
      }
    ]
  }